{"acc":0.7501024388117545,"loss":0.16313717076098883,"_timestamp":1.7313082545460858e+09,"_runtime":1.2507162,"_step":7,"_wandb":{"runtime":1}}